{"cameraMode":{"drawMode":0,"name":"Shaded","section":"Shading Mode"},"sceneLighting":false,"audioPlay":false,"sceneViewState":{"m_AlwaysRefresh":false,"showFog":true,"showSkybox":false,"showFlares":true,"showImageEffects":true,"showParticleSystems":true,"showVisualEffectGraphs":true,"m_FxEnabled":true},"in2DMode":false,"pivot":{"x":-4.2049214243888857e-7,"y":0.001045354176312685,"z":2.4028122425079348e-7},"rotation":{"x":-0.07305494695901871,"y":-0.07164823263883591,"z":0.005262003280222416,"w":-0.9947383999824524},"size":0.007068135309964418,"orthographic":true}