{"cameraMode":{"drawMode":0,"name":"Shaded","section":"Shading Mode"},"sceneLighting":false,"audioPlay":false,"sceneViewState":{"m_AlwaysRefresh":false,"showFog":true,"showSkybox":false,"showFlares":true,"showImageEffects":true,"showParticleSystems":true,"showVisualEffectGraphs":true,"m_FxEnabled":true},"in2DMode":false,"pivot":{"x":-0.14572995901107789,"y":3.966881513595581,"z":-0.6766626238822937},"rotation":{"x":-0.015830157324671747,"y":-0.9775680899620056,"z":0.1944119930267334,"w":-0.07974884659051895},"size":1.2001310586929322,"orthographic":true}